<?xml version="1.0" encoding="UTF-8" standalone="no"?>
<crossing_scheme xmlns:xsi="http://www.w3.org/2001/XMLSchema-instance" gamma="0.9" gammaPrime="0.9654893846056297" lpa="0.28414473828546016" numGen="2" totalPopSize="409" xsi:noNamespaceSchemaLocation="http://genestacker.ugent.be/xml/crossingscheme.xsd">
  <seedlots>
    <seedlot generation="0" id="s1n0">
      <used_seeds amount="1" generation="0"/>
    </seedlot>
    <seedlot generation="1" id="s4n0">
      <used_seeds amount="162" generation="1"/>
    </seedlot>
    <seedlot generation="0" id="s0n0">
      <used_seeds amount="1" generation="0"/>
    </seedlot>
    <seedlot generation="2" id="s85n0">
      <used_seeds amount="245" generation="2"/>
    </seedlot>
  </seedlots>
  <plants>
    <plant duplicates="1" generation="0" id="p1n0" lpa="0.0" obsProb="1.0" seedlot="s1n0">
      <genotype>
        <chromosome>
          <haplotype targets="0"/>
          <haplotype targets="1"/>
        </chromosome>
        <chromosome>
          <haplotype targets="000"/>
          <haplotype targets="001"/>
        </chromosome>
      </genotype>
    </plant>
    <plant duplicates="1" generation="1" id="p20n0" lpa="0.0" obsProb="0.06880910111729728" seedlot="s4n0">
      <genotype>
        <chromosome>
          <haplotype targets="0"/>
          <haplotype targets="1"/>
        </chromosome>
        <chromosome>
          <haplotype targets="001"/>
          <haplotype targets="101"/>
        </chromosome>
      </genotype>
    </plant>
    <plant duplicates="1" generation="0" id="p0n0" lpa="0.0" obsProb="1.0" seedlot="s0n0">
      <genotype>
        <chromosome>
          <haplotype targets="0"/>
          <haplotype targets="0"/>
        </chromosome>
        <chromosome>
          <haplotype targets="010"/>
          <haplotype targets="101"/>
        </chromosome>
      </genotype>
    </plant>
    <plant duplicates="1" generation="2" id="p733n0" lpa="0.0" obsProb="0.013656213116184937" seedlot="s85n0">
      <genotype>
        <chromosome>
          <haplotype targets="1"/>
          <haplotype targets="1"/>
        </chromosome>
        <chromosome>
          <haplotype targets="101"/>
          <haplotype targets="111"/>
        </chromosome>
      </genotype>
    </plant>
    <plant duplicates="1" generation="1" id="p24n0" lpa="0.28414473828546016" obsProb="0.0206728065970202" seedlot="s4n0">
      <genotype>
        <chromosome>
          <haplotype targets="0"/>
          <haplotype targets="1"/>
        </chromosome>
        <chromosome>
          <haplotype targets="001"/>
          <haplotype targets="110"/>
        </chromosome>
      </genotype>
    </plant>
  </plants>
  <crossings>
    <crossing duplicates="1" id="c419" plant1="p1n0" plant2="p0n0" seedlot="s4n0"/>
    <crossing duplicates="1" id="c418" plant1="p24n0" plant2="p20n0" seedlot="s85n0"/>
  </crossings>
</crossing_scheme>
