<?xml version="1.0" encoding="UTF-8" standalone="no"?>
<crossing_scheme xmlns:xsi="http://www.w3.org/2001/XMLSchema-instance" gamma="0.9" gammaPrime="0.9740037464252967" lpa="0.0" numGen="3" totalPopSize="231" xsi:noNamespaceSchemaLocation="http://genestacker.ugent.be/xml/crossingscheme.xsd">
  <seedlots>
    <seedlot generation="0" id="s1n0">
      <used_seeds amount="1" generation="0"/>
    </seedlot>
    <seedlot generation="1" id="s4n0">
      <used_seeds amount="132" generation="1"/>
    </seedlot>
    <seedlot generation="0" id="s0n0">
      <used_seeds amount="1" generation="0"/>
    </seedlot>
    <seedlot generation="3" id="s119n0">
      <used_seeds amount="40" generation="3"/>
    </seedlot>
    <seedlot generation="2" id="s94n0">
      <used_seeds amount="57" generation="2"/>
    </seedlot>
  </seedlots>
  <plants>
    <plant duplicates="1" generation="0" id="p1n0" lpa="0.0" obsProb="1.0" seedlot="s1n0">
      <genotype>
        <chromosome>
          <haplotype targets="0"/>
          <haplotype targets="1"/>
        </chromosome>
        <chromosome>
          <haplotype targets="000"/>
          <haplotype targets="001"/>
        </chromosome>
      </genotype>
    </plant>
    <plant duplicates="1" generation="1" id="p20n0" lpa="0.0" obsProb="0.06880910111729728" seedlot="s4n0">
      <genotype>
        <chromosome>
          <haplotype targets="0"/>
          <haplotype targets="1"/>
        </chromosome>
        <chromosome>
          <haplotype targets="001"/>
          <haplotype targets="101"/>
        </chromosome>
      </genotype>
    </plant>
    <plant duplicates="1" generation="0" id="p0n0" lpa="0.0" obsProb="1.0" seedlot="s0n0">
      <genotype>
        <chromosome>
          <haplotype targets="0"/>
          <haplotype targets="0"/>
        </chromosome>
        <chromosome>
          <haplotype targets="010"/>
          <haplotype targets="101"/>
        </chromosome>
      </genotype>
    </plant>
    <plant duplicates="1" generation="2" id="p865n0" lpa="0.0" obsProb="0.0625" seedlot="s94n0">
      <genotype>
        <chromosome>
          <haplotype targets="1"/>
          <haplotype targets="1"/>
        </chromosome>
        <chromosome>
          <haplotype targets="011"/>
          <haplotype targets="101"/>
        </chromosome>
      </genotype>
    </plant>
    <plant duplicates="1" generation="3" id="p1127n0" lpa="0.0" obsProb="0.08882697275761867" seedlot="s119n0">
      <genotype>
        <chromosome>
          <haplotype targets="1"/>
          <haplotype targets="1"/>
        </chromosome>
        <chromosome>
          <haplotype targets="101"/>
          <haplotype targets="111"/>
        </chromosome>
      </genotype>
    </plant>
    <plant duplicates="1" generation="1" id="p26n0" lpa="0.0" obsProb="0.027312426232369874" seedlot="s4n0">
      <genotype>
        <chromosome>
          <haplotype targets="0"/>
          <haplotype targets="1"/>
        </chromosome>
        <chromosome>
          <haplotype targets="001"/>
          <haplotype targets="011"/>
        </chromosome>
      </genotype>
    </plant>
  </plants>
  <crossings>
    <crossing duplicates="1" id="c482" plant1="p1n0" plant2="p0n0" seedlot="s4n0"/>
    <crossing duplicates="1" id="c481" plant1="p26n0" plant2="p20n0" seedlot="s94n0"/>
    <selfing duplicates="1" id="c735" plant="p865n0" seedlot="s119n0"/>
  </crossings>
</crossing_scheme>
